"filename", "language", "YAML", "Markdown", "PostCSS", "comment", "blank", "total"
"f:\PROJECTS\overrideDoc\docs\A-GameObject.md", "Markdown", 0, 85, 0, 0, 15, 100
"f:\PROJECTS\overrideDoc\docs\A-basics.md", "Markdown", 0, 20, 0, 0, 4, 24
"f:\PROJECTS\overrideDoc\docs\Circle.md", "Markdown", 0, 11, 0, 0, 0, 11
"f:\PROJECTS\overrideDoc\docs\Image.md", "Markdown", 0, 24, 0, 0, 1, 25
"f:\PROJECTS\overrideDoc\docs\Rect.md", "Markdown", 0, 12, 0, 0, 0, 12
"f:\PROJECTS\overrideDoc\docs\Text.md", "Markdown", 0, 13, 0, 0, 0, 13
"f:\PROJECTS\overrideDoc\docs\display.md", "Markdown", 0, 23, 0, 0, 1, 24
"f:\PROJECTS\overrideDoc\docs\index.md", "Markdown", 0, 15, 0, 0, 6, 21
"f:\PROJECTS\overrideDoc\docs\override.md", "Markdown", 0, 8, 0, 0, 2, 10
"f:\PROJECTS\overrideDoc\docs\sound.md", "Markdown", 0, 70, 0, 0, 15, 85
"f:\PROJECTS\overrideDoc\docs\stylesheets\extra.css", "PostCSS", 0, 0, 0, 0, 1, 1
"f:\PROJECTS\overrideDoc\mkdocs.yml", "YAML", 31, 0, 0, 1, 2, 34
"Total", "-", 31, 281, 0, 1, 47, 360